<?xml version="1.0" encoding="UTF-8"?>
<Tokens version="1.0">
	<File path="Classes/iCloudDocument.html">
		
		<Token>
			<TokenIdentifier>//apple_ref/occ/cl/iCloudDocument</TokenIdentifier>
			<Abstract type="html">Use the iCloudDocument class (a subclass of UIDocument) to read and write documents managed by the iCloud class. You should rarely interact directly with iCloudDocument. The iCloud class manages all interactions with iCloudDocument. You can however retieve an iCloudDocument object by specifying its URL in the iCloud class.</Abstract>
			<DeclaredIn>iCloudDocument.h</DeclaredIn>
			
			<NodeRef refid="2"/>
		</Token>
		
		
		<Token>
			<TokenIdentifier>//apple_ref/occ/instm/iCloudDocument/initWithFileURL:</TokenIdentifier>
			<Abstract type="html">Initialize a new UIDocument with the specified file path</Abstract>
			<DeclaredIn>iCloudDocument.h</DeclaredIn>			
			
			<Declaration>- (instancetype)initWithFileURL:(NSURL *)url</Declaration>
			<Parameters>
				<Parameter>
					<Name>url</Name>
					<Abstract type="html">The path to the UIDocument file</Abstract>
				</Parameter>
			</Parameters>
			<ReturnValue><Abstract type="html">UIDocument object at the specified URL</Abstract></ReturnValue>
			<Anchor>//api/name/initWithFileURL:</Anchor>
            <NodeRef refid="2"/>
		</Token>
		
		<Token>
			<TokenIdentifier>//apple_ref/occ/instm/iCloudDocument/setDelegate:</TokenIdentifier>
			<Abstract type="html">iCloud Delegate helps call methods when document processes begin or end</Abstract>
			<DeclaredIn>iCloudDocument.h</DeclaredIn>			
			
			<Declaration>@property (weak, nonatomic) id&lt;iCloudDocumentDelegate&gt; delegate</Declaration>
			
			
			<Anchor>//api/name/delegate</Anchor>
            <NodeRef refid="2"/>
		</Token>
		
		<Token>
			<TokenIdentifier>//apple_ref/occ/instm/iCloudDocument/delegate</TokenIdentifier>
			<Abstract type="html">iCloud Delegate helps call methods when document processes begin or end</Abstract>
			<DeclaredIn>iCloudDocument.h</DeclaredIn>			
			
			<Declaration>@property (weak, nonatomic) id&lt;iCloudDocumentDelegate&gt; delegate</Declaration>
			
			
			<Anchor>//api/name/delegate</Anchor>
            <NodeRef refid="2"/>
		</Token>
		
		<Token>
			<TokenIdentifier>//apple_ref/occ/instp/iCloudDocument/delegate</TokenIdentifier>
			<Abstract type="html">iCloud Delegate helps call methods when document processes begin or end</Abstract>
			<DeclaredIn>iCloudDocument.h</DeclaredIn>			
			
			<Declaration>@property (weak, nonatomic) id&lt;iCloudDocumentDelegate&gt; delegate</Declaration>
			
			
			<Anchor>//api/name/delegate</Anchor>
            <NodeRef refid="2"/>
		</Token>
		
		<Token>
			<TokenIdentifier>//apple_ref/occ/instm/iCloudDocument/setContents:</TokenIdentifier>
			<Abstract type="html">The data to read or write to a UIDocument</Abstract>
			<DeclaredIn>iCloudDocument.h</DeclaredIn>			
			
			<Declaration>@property (copy) NSData *contents</Declaration>
			
			
			<Anchor>//api/name/contents</Anchor>
            <NodeRef refid="2"/>
		</Token>
		
		<Token>
			<TokenIdentifier>//apple_ref/occ/instm/iCloudDocument/contents</TokenIdentifier>
			<Abstract type="html">The data to read or write to a UIDocument</Abstract>
			<DeclaredIn>iCloudDocument.h</DeclaredIn>			
			
			<Declaration>@property (copy) NSData *contents</Declaration>
			
			
			<Anchor>//api/name/contents</Anchor>
            <NodeRef refid="2"/>
		</Token>
		
		<Token>
			<TokenIdentifier>//apple_ref/occ/instp/iCloudDocument/contents</TokenIdentifier>
			<Abstract type="html">The data to read or write to a UIDocument</Abstract>
			<DeclaredIn>iCloudDocument.h</DeclaredIn>			
			
			<Declaration>@property (copy) NSData *contents</Declaration>
			
			
			<Anchor>//api/name/contents</Anchor>
            <NodeRef refid="2"/>
		</Token>
		
		<Token>
			<TokenIdentifier>//apple_ref/occ/instm/iCloudDocument/localizedName</TokenIdentifier>
			<Abstract type="html">Retrieve the localized name of the current document</Abstract>
			<DeclaredIn>iCloudDocument.h</DeclaredIn>			
			
			<Declaration>- (NSString *)localizedName</Declaration>
			
			<ReturnValue><Abstract type="html">Name of document including file extension, as an NSString</Abstract></ReturnValue>
			<Anchor>//api/name/localizedName</Anchor>
            <NodeRef refid="2"/>
		</Token>
		
		<Token>
			<TokenIdentifier>//apple_ref/occ/instm/iCloudDocument/stateDescription</TokenIdentifier>
			<Abstract type="html">Retrieve a user-readable form of the document state</Abstract>
			<DeclaredIn>iCloudDocument.h</DeclaredIn>			
			
			<Declaration>- (NSString *)stateDescription</Declaration>
			
			<ReturnValue><Abstract type="html">Current state of the document as a user-readable NSString</Abstract></ReturnValue>
			<Anchor>//api/name/stateDescription</Anchor>
            <NodeRef refid="2"/>
		</Token>
		
	</File>
</Tokens>